{"accuracy": 0.9999591797858299, "precision": 0.9974619289340102, "recall": 0.9949367088607595, "f1_score": 0.9961977186311787, "roc_auc": 0.998568247724314, "pr_auc": 0.9965662533264048, "confusion_matrix": [[73097, 1], [2, 393]], "classification_report": "              precision    recall  f1-score   support\n\n           0       1.00      1.00      1.00     73098\n           1       1.00      0.99      1.00       395\n\n    accuracy                           1.00     73493\n   macro avg       1.00      1.00      1.00     73493\nweighted avg       1.00      1.00      1.00     73493\n"}